visitor_home_cbgs,latitude,longitude,flow,haversinedistance,poinumber,visitcbg,weights,decayfunction,accessibility
120310001001.0,30.386555,-81.649856,32.0,6372.6725156633875,8.0,42.21490874357546,0.031017567041569036,64.59080146940653,0.2507300048832638
120310001002.0,30.374733,-81.645276,36.0,7530.167328407794,9.0,46.5016989956807,0.03833610799314155,72.54989805405243,0.3092911902830509
120310001003.0,30.383022,-81.645184,17.0,1298.1243625890174,3.0,25.94942528735632,0.019643773873850356,24.433328139763333,0.16036406960668598
120310001005.0,30.380986,-81.654222,22.0,2178.6015271786223,5.0,27.32908249158249,0.03485852358620216,40.56585240114849,0.28315045630839514
120310002001.0,30.360977,-81.630635,4.0,7949.165751778656,1.0,4.62046204620462,0.0072993081298651195,8.035597450491325,0.058654301798694755
120310002002.0,30.359936,-81.635439,4.0,6494.950905065701,1.0,5.159420289855072,0.005133751532194102,8.04395453577503,0.04129566392293476
120310002003.0,30.359724,-81.643935,25.0,5381.329481297494,6.0,31.35234442011299,0.03654119396283565,48.40303970960462,0.2949048724829139
120310003001.0,30.347605,-81.63665,4.0,4753.013083305208,1.0,4.78125,0.004619565217391305,8.057272229915073,0.037221094540368545
120310003002.0,30.352403,-81.641477,12.0,5680.098983736429,3.0,17.036363636363635,0.023498432601880878,24.18171943609274,0.18944633912715025
120310003003.0,30.351711,-81.633288,8.0,7296.031545847494,2.0,12.896703296703297,0.019994888832098136,16.11431716762317,0.16106557919058634
120310006001.0,30.309115,-81.639355,8.0,4377.808801846926,2.0,9.829427329427329,0.00887933814763083,16.179922836693088,0.07183707848151133
120310006002.0,30.295204,-81.637628,46.0,5228.347039232098,6.0,59.36739038898103,0.04822696213564665,48.594819012563796,0.3916520780157346
120310006003.0,30.295344,-81.631779,8.0,811.2359159971631,2.0,8.796752796752797,0.010007682362631169,16.285572144264172,0.08149098750923064
120310006004.0,30.303465,-81.638584,8.0,1439.514854812793,2.0,12.461461711149912,0.01984309189673553,16.243454251294505,0.161294003878438
120310006005.0,30.301221000000005,-81.630971,20.0,7478.008924658965,5.0,22.91691405195055,0.02266757077344268,40.260148502767436,0.18254232237982373
120310007001.0,30.302474,-81.653114,14.0,11142.633368257864,3.0,19.844868071482644,0.015552404444735613,24.161894927289637,0.12536630167619756
120310007002.0,30.289726,-81.653311,16.0,3998.846586212403,4.0,18.812833863525107,0.016024560360753923,32.34813192282826,0.12963191523297796
120310007003.0,30.292256,-81.643225,32.0,4628.960242506225,7.0,41.29671025194966,0.02358464320499695,56.54587447309336,0.1905544105359181
120310008001.0,30.313216,-81.656182,10.0,4157.465650270604,2.0,12.048795648795648,0.00658044546630019,16.167425141954315,0.05326225223417495
120310008002.0,30.310058,-81.662086,8.0,5450.91271374244,2.0,10.19047619047619,0.013064713064713065,16.168647915377257,0.10562649496022915
120310010001.0,30.334294,-81.652785,8.0,8237.754456658064,2.0,13.7088948787062,0.02086589783669132,16.071993971875898,0.16761720462688826
120310011001.0,30.339443,-81.649655,16.0,4793.700893568166,4.0,18.5824600054748,0.019581095896179977,32.236892772800054,0.1578237825938481
120310011002.0,30.340931,-81.657095,8.0,17603.50566722832,2.0,9.855911385055162,0.013336821901292505,16.11194728269192,0.10742783035054887
120310012001.0,30.347009,-81.65536,16.0,10443.413512315034,4.0,18.783706767751685,0.033363599942720576,32.10686295683979,0.2677892396715589
120310012002.0,30.347,-81.658822,4.0,21440.522168633703,1.0,4.454545454545454,0.007115887307580598,7.9973529950978675,0.05690826267205859
120310012003.0,30.346241,-81.649521,4.0,3850.035543062781,1.0,4.926470588235294,0.005802674426661124,8.066542720011974,0.046807521152982944
120310013001.0,30.361353999999995,-81.653382,24.0,5228.664863517669,6.0,31.692135053068558,0.04383421169165776,48.55180015329904,0.3548443735715123
120310013002.0,30.360035,-81.66542,28.0,6547.935217191787,7.0,34.71109612555776,0.02180345234017447,56.44358696575066,0.17588376758334237
120310013003.0,30.353809,-81.655026,8.0,10605.598880592926,2.0,9.371864083836138,0.016102859250577556,16.04811149990758,0.12921076715183494
120310013004.0,30.358311,-81.657595,17.0,5409.030510146408,4.0,24.12032701597919,0.025578289518535725,32.332427662927024,0.206927538081215
120310014001.0,30.386826,-81.65909,8.0,5693.088760545566,2.0,10.129807692307693,0.013363862390907246,16.149337548083153,0.10782731441312678
120310014002.0,30.381622,-81.660232,4.0,1452.857525941718,1.0,4.275862068965517,0.0050422901756668834,8.112583479690024,0.040905999978918466
120310014003.0,30.374363,-81.660329,12.0,9076.69177788151,3.0,13.473385150768888,0.021872378491507933,24.100483948338976,0.17570148684303383
120310014004.0,30.367017,-81.65945,4.0,1102.8025310592752,1.0,4.934306569343065,0.006509639273539664,8.126606987894954,0.05290128000902287
120310014005.0,30.365521,-81.662998,12.0,667.9855133202269,3.0,15.638923395445135,0.022182870064461183,24.49559628254145,0.18112383206692756
120310014006.0,30.375101,-81.674057,17.0,7477.586632434212,4.0,20.58745484400657,0.012025382502340285,32.279540176344824,0.09713594385824428
120310015001.0,30.358064,-81.672253,8.0,8180.377898927741,2.0,9.263073692630737,0.015620697626696016,16.15754957836684,0.12626730068615433
120310015002.0,30.362539,-81.673534,16.0,6121.776766458072,3.0,18.844803614876607,0.015148555960511742,24.285638669883017,0.12302701619485668
120310015004.0,30.349672,-81.672034,8.0,10153.491319869641,2.0,12.20709866492999,0.02072512506779285,16.05261372226324,0.1663708383281423
120310015005.0,30.352776,-81.664727,30.0,9041.22913428303,7.0,34.25946674009556,0.0287894678488198,56.357846728055904,0.23175909799484662
120310016001.0,30.342189,-81.665157,10.0,8827.481712282728,2.0,13.272141706924316,0.019958107829961377,16.107290236413597,0.16093104423470175
120310016002.0,30.344842,-81.672092,17.0,9801.77952083889,4.0,20.15749360128922,0.02648816504768623,32.15067313699919,0.21302521855762846
120310021011.0,30.307887000000004,-81.700476,12.0,3296.3488054687805,3.0,14.013567362428843,0.01581666745195129,24.288762989262864,0.12802911640918707
120310021012.0,30.312216,-81.701141,8.0,2588.986085136269,2.0,8.812587412587412,0.006128363986500287,16.17300761730236,0.049553973470919235
120310021013.0,30.305736,-81.707692,8.0,1448.179889189667,2.0,11.081818181818182,0.018377807930046737,16.251383060528937,0.1494466309483735
120310021021.0,30.306512,-81.693831,4.0,3736.094862408433,1.0,4.776119402985074,0.004434651256253551,8.067883578960018,0.03577825004874244
120310021022.0,30.302303000000002,-81.699177,20.0,4026.107509479081,5.0,23.630737749645313,0.015434838504013922,40.33258400229339,0.12450741823029506
120310022001.0,30.293095000000005,-81.705787,12.0,3974.599266791527,3.0,15.551048951048951,0.016775673086352697,24.236562814799235,0.135565620772987
120310022002.0,30.303809,-81.711783,8.0,375.6512330403679,2.0,12.1,0.015335868187579215,16.372058279093675,0.12553911697602768
120310022003.0,30.301237,-81.715541,14.0,6841.7301873662545,3.0,16.08757875787579,0.022220412648999707,24.17186083833552,0.1792020043847834
120310022005.0,30.298173,-81.707316,21.0,4674.032185854992,5.0,25.722213831049736,0.026087437962525085,40.46624582461993,0.2110723317763187
120310023001.0,30.283104,-81.712058,4.0,874.2238087325844,1.0,4.776119402985074,0.007691013531376931,8.138785354746435,0.06259550829232723
120310023002.0,30.285012,-81.716796,9.0,462.66872562100616,2.0,10.5033921302578,0.009539865695057041,16.348217453665058,0.07798362561025568
120310024001.0,30.275599,-81.702803,9.0,2269.333904972625,2.0,12.081818181818182,0.01708885174231709,16.181907006424296,0.1382529297512961
120310024002.0,30.267102,-81.710469,8.0,2465.4303193832575,2.0,9.281818181818181,0.007953571706785074,16.173875518493315,0.06432004513508263
120310025011.0,30.315464,-81.707974,17.0,4216.473590816063,4.0,22.930395743265713,0.02398576960592648,32.38721833747904,0.19406975264791046
120310025012.0,30.315705,-81.711752,9.0,1304.5318497674104,2.0,10.019834710743801,0.008226465279756817,16.244099733236467,0.0667962683618261
120310025013.0,30.313032000000003,-81.715332,12.0,11223.997431077156,3.0,13.687534630654952,0.015041246846873572,24.125568985020777,0.12098065327178928
120310025014.0,30.317697999999996,-81.702312,24.0,6629.714658168198,6.0,32.6496927945928,0.05274586881194314,48.41064646780373,0.42554051125409253
120310025021.0,30.309378,-81.726375,4.0,2555.627871812213,1.0,4.341463414634147,0.0038902001923245043,8.085253141373071,0.03145325332556183
120310025022.0,30.315018999999996,-81.725484,12.0,2920.670313453677,3.0,15.822338356830336,0.01561928761779895,24.300326229261834,0.12644092668484094
120310025023.0,30.309445,-81.718985,8.0,10658.627632047428,2.0,9.433431085043988,0.014424206552055029,16.089866664777347,0.11602405371764113
120310025024.0,30.317159,-81.717711,8.0,4448.246725184288,2.0,10.217921146953405,0.015940594613031836,16.129834112375036,0.12856517979793236
120310026001.0,30.325041,-81.691623,37.0,6276.522343116272,7.0,43.8886779154358,0.04415359951251086,56.52998359953528,0.3572785339250426
120310026002.0,30.329238,-81.699439,12.0,6094.845412089367,3.0,14.802050045221586,0.01871308476007786,24.21764070646971,0.15104078471609728
120310026003.0,30.324627,-81.703515,32.0,9949.385166817863,8.0,40.4629849815836,0.03151322817880343,64.34735243901856,0.25344780138420836
120310027011.0,30.345906,-81.712773,37.0,5831.428634277577,8.0,44.20585171918586,0.0377505138507138,64.45506367196596,0.30425565852832326
120310027012.0,30.336545,-81.695345,20.0,8362.60289541968,5.0,22.60605614730577,0.023067404231944665,40.257898690211874,0.1857344196338335
120310027013.0,30.347647,-81.718509,35.0,11107.946111880094,8.0,40.54773681850831,0.0319022319579137,64.24474521477019,0.2562305370422914
120310027021.0,30.334504,-81.705142,4.0,25477.1399926983,1.0,4.928571428571429,0.007467532467532468,7.991153241368683,0.05967419628294796
120310027022.0,30.333518,-81.716547,45.0,6464.196758865052,11.0,52.93633284994829,0.033911808359992496,88.65321664268856,0.2733344315391993
120310027023.0,30.340250000000005,-81.718446,22.0,8209.666852921007,5.0,28.006610213706637,0.019891058390416647,40.237001188069215,0.16011542448451035
120310028011.0,30.351589,-81.692738,20.0,6126.708075532854,4.0,28.842319889177762,0.016847149467977666,32.269776353319926,0.13618750775928634
120310028012.0,30.360439,-81.696683,24.0,9078.496299494776,6.0,30.898729380665586,0.020248184390999728,48.268673626916964,0.1629523336956844
120310028013.0,30.359359,-81.706303,16.0,10295.0126415593,4.0,18.484077028143858,0.019477425740931358,32.111387587373734,0.15637638401132078
120310028021.0,30.343149,-81.686882,6.0,359.36398151802007,1.0,8.91891891891892,0.009790251283116266,8.188637726243558,0.08016882100633026
120310028022.0,30.338965,-81.681421,20.0,6127.248803622278,5.0,26.435049162613225,0.020814999340640336,40.331561023181266,0.16795139992047226
120310028023.0,30.343193,-81.692057,12.0,1768.6055083401327,2.0,16.826198461234956,0.013217752129799651,16.258258199472543,0.1077404896553586
120310028024.0,30.351954,-81.698993,4.0,4809.808846818485,1.0,4.117647058823529,0.005941770647653,8.056756477068657,0.04787139915073473
120310029011.0,30.364742,-81.683895,24.0,9476.785443357121,5.0,31.585242120278618,0.028353000107970032,40.217417176857566,0.2278348435913498
120310029012.0,30.360475999999995,-81.682305,12.0,7350.2715397847505,3.0,15.111304347826087,0.01462856180815691,24.12515083314814,0.1176162806072972
120310029013.0,30.357439,-81.680928,16.0,8329.614390978331,4.0,19.910883924572104,0.025925630110119932,32.192874699379715,0.20866360241889667
120310029014.0,30.354842,-81.682871,12.0,7245.103738424262,3.0,15.608695652173914,0.03251811594202898,24.230309843054663,0.2626631534745105
120310029021.0,30.347577,-81.679095,13.0,2872.3201459930756,3.0,16.021363275039747,0.020254567983615357,24.288151846306114,0.1640474964791192
120310029022.0,30.345188999999998,-81.680626,37.0,8372.82660099793,9.0,47.56035229793994,0.033923218472139756,72.52998065233302,0.2736162552729801
120310029023.0,30.351560999999997,-81.681917,20.0,2530.773415727615,5.0,28.108919181955677,0.025835403659885733,40.513330301440064,0.20932858286884046
120310101011.0,30.475154,-81.59298,55.0,14757.608800228503,11.0,65.2423338584276,0.05614658679726988,88.32431087718832,0.4515744420236619
120310101012.0,30.499693,-81.606156,238.0,17777.741695301393,40.0,289.5110569387798,0.05984106178974366,320.65083543335106,0.4809484542449683
120310101021.0,30.494950000000003,-81.504708,45.0,17955.800296137004,11.0,54.75642208052998,0.028925738024580018,88.08142405653409,0.23163475343789536
120310101022.0,30.494884,-81.569316,162.0,20569.167177193798,26.0,198.59748661272957,0.024269520544143903,208.14489884452976,0.19467069428379238
120310101031.0,30.448231,-81.575344,151.0,12442.54385724374,26.0,185.49884311416747,0.0490218930005728,208.67514299826541,0.3940084704867662
120310101032.0,30.421564999999998,-81.498202,49.0,14702.527449253746,10.0,58.15307215477633,0.03072005924710847,80.1893957534195,0.24652135936869007
120310102011.0,30.476613,-81.617056,73.0,12899.442649480268,15.0,89.95692788665845,0.025361411865423865,120.55920742992407,0.20411809718336815
120310102012.0,30.456870000000002,-81.61077000000002,176.0,11761.839529627368,29.0,216.84246640073624,0.035770779676795816,232.99066531636734,0.28784982950832505
120310102021.0,30.436528,-81.626571,43.0,9338.695902103613,10.0,53.20162580063553,0.042800986163021346,80.47794915162515,0.34456192041371
120310102022.0,30.442579000000002,-81.634282,54.0,7169.991439899421,10.0,68.60568202505847,0.04132872411148101,80.67589727223603,0.3341838146296655
120310103011.0,30.518729999999998,-81.702631,107.0,19562.236112081773,21.0,128.54172483641682,0.0439609182067089,168.1487479046559,0.3522016777860033
120310103012.0,30.476232,-81.639362,102.0,12562.691339101495,21.0,124.6219400132767,0.10419894649939523,168.81692961112788,0.8390557900885117
120310103031.0,30.448269000000003,-81.680541,125.0,10476.067195987076,23.0,150.84792075114737,0.030278587063658647,185.00524673534377,0.2436746969062419
120310103032.0,30.433221,-81.683839,12.0,6667.324949237343,3.0,13.311827956989248,0.00901274743194939,24.230307235676264,0.07277958386826316
120310103041.0,30.443201,-81.656576,36.0,13768.17705426167,8.0,41.550553352066984,0.018385200598259727,64.18718740916441,0.1476236443234647
120310103042.0,30.450449,-81.662818,76.0,9863.198893685892,18.0,91.70830101659854,0.03175495187555351,144.7469950473493,0.2553395365638567
120310103043.0,30.434643,-81.667342,41.0,6041.587021837373,10.0,48.03460835296345,0.022797630922146872,80.88564288950505,0.18432565501457113
120310104011.0,30.425919,-81.688221,45.0,12116.093098845176,11.0,55.95352027427575,0.023035619709458936,88.43379472185516,0.1853433171890827
120310104012.0,30.425687999999997,-81.67556,12.0,10498.590859018403,3.0,16.59185520361991,0.0204585144310973,24.189877081567154,0.16508755251823012
120310104021.0,30.408981999999998,-81.660464,47.0,8837.551496294956,9.0,59.28644246870796,0.04083088324291182,72.43599467182892,0.3295577009606941
120310104022.0,30.423966999999998,-81.662385,37.0,11340.61898147068,9.0,45.34173029376387,0.02616372203910206,72.40775521750095,0.2103876005507277
120310104023.0,30.425196,-81.669842,16.0,4479.0602094998285,4.0,18.9854175415949,0.02465638641765571,32.39442381539234,0.19964642670464539
120310105001.0,30.454805,-81.742521,148.0,14409.644698788814,28.0,178.03832782268336,0.033359251981016184,224.60347227798056,0.26798936277778823
120310105002.0,30.428766,-81.724577,98.0,12545.752983058333,16.0,117.26012236687089,0.027346110626602353,128.48272275637916,0.2203146472882494
120310105003.0,30.430309,-81.704764,32.0,8484.497094898412,8.0,39.651957932372106,0.018056447145888936,64.46193305693288,0.14546759433137407
120310105004.0,30.423274,-81.752845,22.0,3585.393667826806,5.0,25.30207801659767,0.030338223041484015,40.54560168313595,0.24613516698119264
120310105005.0,30.42558,-81.772965,55.0,11703.290093757598,9.0,74.0355778975192,0.041546340009831206,72.38363824636542,0.3347580034387231
120310106001.0,30.382116,-81.843569,131.0,17126.26610289051,28.0,162.47408343716552,0.07933304855330348,224.33390857518526,0.6359003966657445
120310106002.0,30.365425,-81.812504,81.0,12367.396259763012,16.0,106.631489513353,0.05082530482047331,128.4794315914447,0.40853263206393864
120310106003.0,30.40115,-81.758368,25.0,18628.528914953324,6.0,30.60237845367837,0.01592215320170571,48.131732971753614,0.1277942836509452
120310107001.0,30.404066,-81.743142,12.0,6771.013848544255,3.0,14.482356314234043,0.025723545851214995,24.170953030859145,0.20725522196642163
120310107002.0,30.383503,-81.735074,8.0,12913.699222844485,2.0,9.052371134020618,0.006221560916852659,16.095165772958246,0.05007702746000412
120310107003.0,30.402189,-81.735649,46.0,5297.4703906741515,11.0,54.572708939970525,0.03709905434396365,88.71987318551848,0.2991113876211352
120310107004.0,30.385659,-81.726473,16.0,7521.156924147688,4.0,20.50000796961651,0.013842004030801157,32.20835163103103,0.1114318671985942
120310108001.0,30.410468999999996,-81.717335,24.0,8469.551315542914,6.0,27.025852813852815,0.019842770054223798,48.30005402585419,0.15974286905133325
120310108002.0,30.404316,-81.72648,34.0,8967.323845896035,8.0,46.13078235823304,0.024854947391289357,64.41162436951404,0.20018557835213396
120310108003.0,30.412971,-81.726423,37.0,5669.9114041604635,8.0,48.763728851962874,0.027106019372964356,64.46005032052426,0.21841290367680724
120310109001.0,30.41053,-81.704766,38.0,8272.059883283506,9.0,45.47034008781876,0.02492891452183046,72.37291231805929,0.20043876371004343
120310109002.0,30.399611,-81.714014,58.0,8934.620232968757,14.0,71.76961461378909,0.03272668245042822,112.66170240942445,0.2633801292826425
120310110001.0,30.411969,-81.683578,32.0,8297.588814253719,8.0,43.93978084908839,0.04068498226767444,64.34382803413425,0.3274061636769161
120310110002.0,30.405106,-81.681368,16.0,18223.42231474717,4.0,17.83588668429339,0.02566314630833581,32.07702654028749,0.20577253604283874
120310110003.0,30.401655,-81.689028,8.0,2080.9436324065045,2.0,8.482758620689655,0.008332768782602803,16.19004448542151,0.06745480151263589
120310110004.0,30.407782,-81.693442,13.0,5412.537317296781,3.0,17.440860215053764,0.014473742917057065,24.212503172194122,0.11694664281074574
120310111001.0,30.397327000000004,-81.673969,45.0,6780.321969838088,11.0,56.40486361504431,0.029907138714233467,88.92973276090139,0.24167505254750019
120310111002.0,30.388782,-81.670195,38.0,5403.447392356861,9.0,46.78650334166631,0.034915301001243515,72.81142117113961,0.28227130113079524
120310112001.0,30.393032,-81.691131,28.0,9342.176220423475,7.0,34.91608903467896,0.019737755248546613,56.2734202582481,0.1586787305634542
120310112002.0,30.386704,-81.691599,8.0,1299.9181996209468,2.0,10.104380242311276,0.010014251974540412,16.237505097042213,0.08131133786854852
120310113001.0,30.388766,-81.714206,4.0,6470.818666294591,1.0,4.269662921348314,0.0025429797030067387,8.044110403247068,0.020456009484202644
120310113002.0,30.394111,-81.70288,16.0,7647.334559123019,4.0,19.20433106657799,0.01597698092061397,32.16967238131464,0.12847718371118486
120310114001.0,30.380816999999997,-81.708705,48.0,8672.04984626193,12.0,62.43448748189311,0.04534094951480981,96.61351413180621,0.3650769999154936
120310114002.0,30.380271,-81.719059,22.0,9170.64140669048,5.0,25.737629085424988,0.03142567653898045,40.275631329474464,0.25329214756283697
120310115001.0,30.377456,-81.682603,32.0,5699.822684097643,6.0,43.241301904670266,0.024837048767760064,48.50174372019228,0.20092114233367767
120310115002.0,30.376611,-81.692931,28.0,8666.850501999246,7.0,34.69535054495792,0.022240609323690975,56.40737328250576,0.17919667793930882
120310115003.0,30.369194,-81.692601,16.0,5902.894055740875,4.0,19.21119457119457,0.02079133611601144,32.23402334070174,0.16753855411482602
120310116001.0,30.372084999999995,-81.705444,38.0,9332.412840083573,9.0,44.17305299089277,0.020806902021145914,72.43429276617563,0.1674773913291558
120310116002.0,30.367862,-81.713012,36.0,6073.522980135163,8.0,43.08687205528927,0.024948970501036057,64.52172163254366,0.20135582941341193
120310117001.0,30.35793,-81.766892,76.0,8072.839521417123,16.0,95.53247161418518,0.05522108185791051,128.7358050795536,0.444930584395973
120310117002.0,30.359166,-81.735453,19.0,10468.071881946906,3.0,26.521838321652556,0.03218669699229679,24.194598493288588,0.2611460853743988
120310118001.0,30.342956,-81.729857,16.0,6085.941400526999,4.0,19.013168597168598,0.01657643295306765,32.26422115041537,0.1336564263222195
120310118002.0,30.332453,-81.726515,12.0,6913.073125986973,3.0,15.592459770114942,0.015878268605005033,24.230864873016785,0.12812316065432056
120310118003.0,30.333856,-81.745496,24.0,8408.791989540157,6.0,30.983304031222332,0.031233169386312834,48.346697029474456,0.2515761502301547
120310119011.0,30.317993,-81.781777,19.0,16171.53612121163,4.0,22.55204172876304,0.027502489913125656,32.230264068093945,0.22220095987490893
120310119012.0,30.335102999999997,-81.799243,20.0,4655.949863503968,5.0,25.46533817737222,0.030867076578632996,40.330836647745116,0.2490770968901471
120310119013.0,30.327755,-81.782725,18.0,2709.546941839501,4.0,24.54562211981567,0.03167177047718151,32.38785700581131,0.2567644414774832
120310119014.0,30.324166,-81.802064,48.0,8164.886750446885,10.0,60.48289013133907,0.036479427099721996,80.56465404058997,0.2941470920609663
120310119015.0,30.322863,-81.836552,96.0,11273.763504275523,19.0,116.60975264652173,0.030280382406263753,152.59416576441407,0.2433705443135576
120310119021.0,30.286485,-81.812091,176.0,10913.845123248882,32.0,214.27775014241638,0.04497853697363904,257.1989158750514,0.36245241483859497
120310119022.0,30.295032,-81.791796,45.0,10618.074180323218,10.0,59.44775027939378,0.03594180790773505,80.65164556046928,0.2901204910103849
120310119023.0,30.293599000000004,-81.826315,86.0,8959.624354107764,15.0,105.6941777166688,0.02516528040873067,120.69617159150121,0.2027385453969712
120310119031.0,30.307309,-81.78906199999999,83.0,4389.52831693585,14.0,110.4940767629657,0.05177791788330164,113.06166897574676,0.41883341974546984
120310119032.0,30.306734999999996,-81.823084,64.0,7778.275814609241,10.0,82.2759335142265,0.028032686035511584,80.50387234511709,0.2259069731108222
120310120001.0,30.308461,-81.763076,45.0,8336.94678294169,11.0,52.39578423779418,0.023464301046929772,88.67999750776669,0.18922994253220882
120310120002.0,30.303498,-81.776619,54.0,6333.618693157466,11.0,66.24839733915717,0.024356028433513664,88.83067419730608,0.19679784675971754
120310121001.0,30.320821,-81.735409,37.0,10481.847432611383,8.0,45.59092614420664,0.0443491499457263,64.29525380596485,0.3564891307302045
120310121002.0,30.312313,-81.739007,37.0,11734.476285312221,9.0,41.083360205955536,0.07977351496302046,72.40147333893518,0.6417106729458815
120310122001.0,30.306037,-81.735315,12.0,3518.116879920954,3.0,14.891682938603761,0.0193147638632993,24.32090120659946,0.15649527196277435
120310122002.0,30.300094,-81.734943,29.0,8681.342669068703,7.0,39.090741688789024,0.02096018321114693,56.37413927212538,0.1688896006005735
120310122003.0,30.288121,-81.734998,41.0,3128.8247876535725,8.0,49.364248683934804,0.040068383672025,64.6661569102945,0.324388059200123
120310122004.0,30.299625,-81.744768,98.0,7611.775901443396,20.0,128.238849949963,0.040364762338672644,161.29610178839576,0.3263250235771899
120310123001.0,30.301126999999997,-81.723311,24.0,7272.7047889415235,6.0,28.21554313714565,0.02479397463721059,48.38041751835529,0.1998945372354226
120310123002.0,30.287486,-81.726101,42.0,5310.967398175257,8.0,48.1902969073431,0.03750217658158996,64.66223611893547,0.30378226970277566
120310123003.0,30.30055,-81.728271,24.0,6602.361750655794,6.0,27.486588592733717,0.026429412108397804,48.41106829211139,0.21320233714177944
120310124001.0,30.280449999999995,-81.734001,20.0,7118.683519223053,5.0,25.2028484453142,0.038654675529623005,40.339477388680166,0.3120343588180834
120310124002.0,30.274654,-81.72592,33.0,3294.3717472263634,7.0,42.10309027932412,0.026463287416294234,56.6284545443301,0.21430035547107035
120310124003.0,30.278177,-81.733587,4.0,6639.65847066119,1.0,4.958083832335329,0.007378100940975192,8.04303327806731,0.05934231139720321
120310125001.0,30.275467,-81.745306,22.0,6632.447564769616,5.0,31.1760096701357,0.025893695739315367,40.3263206544902,0.2093964407886498
120310125002.0,30.27825,-81.741484,36.0,7051.1092467105655,6.0,58.28808689514247,0.06653891198075625,48.405353008167836,0.5399326639120652
120310125003.0,30.26591,-81.739548,8.0,1503.4012880550188,2.0,9.739974824671823,0.015338543030979247,16.26122877768227,0.12472521923152263
120310125004.0,30.26752,-81.743158,16.0,16529.202924023382,4.0,19.62113268772499,0.02461873612010664,32.06786675776408,0.19735421509761414
120310126011.0,30.291067000000005,-81.752963,41.0,7218.863357146009,10.0,54.34066709625199,0.042620131055883914,80.57709012742,0.34355942935089195
120310126012.0,30.294523,-81.757352,47.0,4702.774902587151,11.0,66.48212930921807,0.05751049248202254,88.82255814830118,0.4643332369204774
120310126013.0,30.289225,-81.763227,8.0,2814.8569922686097,2.0,9.599739328771587,0.01860414598599145,16.175102658772047,0.1504826387263013
120310126021.0,30.283978000000005,-81.755994,39.0,5524.245758090976,9.0,47.242132894647675,0.036965675191430104,72.58212067908383,0.29815568496971556
120310126022.0,30.277958,-81.751252,32.0,8942.979174838025,8.0,38.40395514363142,0.02036264853851083,64.47025463444982,0.16415296031180956
120310126023.0,30.274286,-81.761757,50.0,6939.314819573229,9.0,59.42369817409195,0.02302351730883067,72.52381291864948,0.18622132288553706
120310127021.0,30.251895,-81.789683,38.0,7316.352687025631,8.0,47.99831485420221,0.030397919477012165,64.56043295731541,0.24561864524993335
120310127022.0,30.286049,-81.791773,16.0,6799.824065902173,4.0,21.490143369175627,0.03893141914705729,32.32117343641998,0.31452643400405744
120310127023.0,30.265049,-81.805702,108.0,12909.462594704586,24.0,127.94732931561978,0.03858483996249089,192.7958138787206,0.3100686276127609
120310127031.0,30.276566,-81.78523,52.0,6406.715686605734,11.0,62.96825738425481,0.026636318690463116,88.63410459860562,0.2147487988238894
120310127032.0,30.277061,-81.777837,12.0,3358.2387133059688,3.0,14.20054250616654,0.009807004493208937,24.232510609675725,0.07921452871115253
120310127033.0,30.289221,-81.778854,38.0,8866.676883107017,8.0,46.52383641223507,0.03269419284064306,64.55020509315419,0.2641989682939967
120310127041.0,30.264042,-81.784446,25.0,9459.414153027335,6.0,29.998042272188577,0.02218790108889688,48.26112095997926,0.17845208398881843
120310127042.0,30.256345,-81.777572,73.0,10071.235823944375,16.0,87.70182288387623,0.021724504058428594,128.80734134913504,0.17494416556015152
120310128001.0,30.264527999999995,-81.755134,41.0,7618.067652155562,10.0,50.31533533297458,0.04569966878562632,80.55338480962958,0.3679787001533772
120310128002.0,30.25466,-81.754766,38.0,10316.13485206616,8.0,46.34535692050506,0.04037051996559674,64.48620734115141,0.32560246308573754
120310128003.0,30.262041,-81.76359699999999,64.0,9606.096691142515,15.0,78.59058340444494,0.0325292149852835,120.75217892707366,0.261904161350875
120310128004.0,30.25367,-81.769244,44.0,7505.421353467579,11.0,52.80319798751903,0.02336424689713231,88.73935632115229,0.1884518117338731
120310129001.0,30.256514,-81.74524,20.0,4198.240760645436,5.0,23.56162776565594,0.025226582190209783,40.38713285043959,0.20375869036252936
120310129002.0,30.257432,-81.749276,31.0,2419.896367261264,7.0,40.818158831377175,0.04977824247728924,56.66434018070713,0.40299998451457925
120310129003.0,30.266082,-81.749828,4.0,25893.390890517305,1.0,5.0476190476190474,0.006886246995387513,7.990577298070774,0.05502508891025154
120310130001.0,30.261952999999995,-81.700322,12.0,6165.032536938725,3.0,14.462541073384447,0.012002108774592901,24.194902628306686,0.09677588441261026
120310130002.0,30.258841,-81.706657,30.0,5613.889755847431,5.0,34.947718694104914,0.02496265621007494,40.318766984682604,0.2013807614427597
120310131001.0,30.244711000000002,-81.695041,54.0,7254.908434308976,10.0,61.95759020228728,0.04512570298782759,80.66009694319855,0.3646807673552019
120310131002.0,30.249792,-81.693331,11.0,4069.2380540049608,2.0,13.425,0.017389896373056997,16.212512368239643,0.14123847821193747
120310132001.0,30.214307,-81.687078,36.0,9143.601140646988,8.0,61.37583145048226,0.026558126979871165,64.301735215635,0.21333234431788153
120310133001.0,30.195975,-81.721716,92.0,8376.217248419405,18.0,110.65139487703858,0.046511725463236064,144.93004957438842,0.3754132222079529
120310133002.0,30.210555,-81.713239,54.0,6595.580943351538,11.0,64.41967126336944,0.01645457758962182,88.62726420720259,0.1326877692093404
120310133003.0,30.19727,-81.724974,26.0,11234.39568667773,6.0,30.939101693545325,0.03687616411626379,48.33740194697209,0.2975310104090987
120310134021.0,30.244789,-81.722805,25.0,9082.36314824872,6.0,30.22544501274084,0.02457353253068361,48.43746812545954,0.19859977031119624
120310134022.0,30.238604,-81.726607,32.0,10784.517052586922,8.0,38.696144837256156,0.037315472359938436,64.32665423602158,0.3000829321825535
120310134023.0,30.242095999999997,-81.735614,21.0,3022.7133823271797,5.0,25.978275679464435,0.02268845037507811,40.478718868811825,0.1836582410945493
120310134024.0,30.237874999999995,-81.71664,45.0,6454.086729923,10.0,54.56753013286423,0.040123183921223694,80.62037425551753,0.32359151515564805
120310134031.0,30.256789,-81.734153,28.0,4773.724353501279,6.0,33.63477879960965,0.021926192177059746,48.53040311189318,0.1774629366647085
120310134032.0,30.263830999999996,-81.730144,49.0,5523.63131394163,11.0,62.59119771319188,0.03372370566443528,88.68364294733432,0.2720833975206136
120310134041.0,30.252564,-81.72728,28.0,5149.961550647886,7.0,34.42714895940248,0.022709201160555727,56.55984140838248,0.1834745101648639
120310134042.0,30.250782,-81.718899,27.0,3158.896600237614,6.0,34.39258043543758,0.02107388507073381,48.60730313879685,0.170944718161963
120310135021.0,30.223031,-81.78064000000002,73.0,54346.99224844533,14.0,86.44389936106744,0.03211140392313055,112.61958462086915,0.258692245504994
120310135022.0,30.229453999999997,-81.776138,46.0,8149.162675345864,10.0,54.828338437808355,0.07320205398906322,80.63484347037829,0.5908734558289154
120310135031.0,30.241247,-81.768697,64.0,8878.000402777,12.0,73.32501599373023,0.0321883301113829,96.76866774851375,0.260029519347283
120310135032.0,30.219578,-81.767315,42.0,11229.485298929643,8.0,49.75470747720734,0.030769763436739234,64.34092310568344,0.24775082572709933
120310135033.0,30.196871,-81.75286600000001,59.0,10542.987407995914,13.0,72.98581615505387,0.023735224765871178,104.74504350030472,0.19145277569579017
120310135034.0,30.195481,-81.7626,39.0,6337.260227524379,8.0,47.350762490889934,0.03201539046037183,64.64146576316746,0.2591074489017371
120310135041.0,30.243229,-81.778428,25.0,10667.244990091125,6.0,29.407541188579117,0.026613159446677935,48.25377944513401,0.21407217321986435
120310135042.0,30.243938,-81.785501,48.0,7031.7094351448895,12.0,55.86063624052258,0.025230639675032782,96.80640238269139,0.2035499799644084
120310135043.0,30.236498,-81.780924,28.0,9712.7056124476,6.0,31.43839200611902,0.012842480394656462,48.32038448791041,0.10346677769061917
120310135211.0,30.230793,-81.742945,17.0,6743.5079285659685,4.0,19.83333502267947,0.012632697466674822,32.219204427269574,0.10179033883610862
120310135212.0,30.208050000000004,-81.742785,33.0,10947.164313824278,5.0,40.69445589874951,0.018167167811941744,40.27257254851125,0.14693338384603127
120310135213.0,30.222724,-81.754036,8.0,2318.810959082412,2.0,9.321720195971693,0.01100557284058051,16.184482203910537,0.08906988292865049
120310135214.0,30.209224,-81.747921,95.0,8936.679263741538,18.0,118.44675103685101,0.033525828201769324,145.00686778152564,0.2705413701200057
120310135215.0,30.237885,-81.755132,83.0,5284.940731701898,13.0,96.83533538111456,0.02598211306174257,104.98538481501922,0.21016167878970554
120310135221.0,30.221901,-81.726959,85.0,7797.55880112987,15.0,108.40220653957174,0.03175225733437954,120.78629719871122,0.2562691704122978
120310137211.0,30.28283,-81.852853,208.0,13160.378949069502,32.0,253.70341149881511,0.061429397457340225,256.77430878649454,0.49409979291947803
120310137212.0,30.255189,-81.822082,194.0,13552.964023829969,41.0,232.16817633363553,0.04831803877911249,329.1284575605379,0.38811432981364324
120310137231.0,30.241266,-81.81716600000001,63.0,9340.584649630733,13.0,75.17731121230413,0.030860965193885113,104.552530936575,0.2484946705634483
120310137232.0,30.222861,-81.82931,111.0,13820.72954246999,22.0,136.24737702730823,0.041845017514529556,176.6186774464,0.3362662045296962
120310137261.0,30.210327999999997,-81.789063,53.0,8748.81020528398,9.0,68.80632117299638,0.025569052832774577,72.52959345934245,0.20662853658764363
120310137262.0,30.23639,-81.800372,49.0,20424.761479274403,12.0,62.636480815586346,0.08784920170488969,96.02856446798036,0.7031273336109839
120310137263.0,30.207577,-81.810166,134.0,11110.26794852123,24.0,172.24614430922279,0.031380241266027106,192.9457426753685,0.25280594451484856
120310137271.0,30.199945,-81.77708,27.0,12059.367886363189,6.0,34.88634486697691,0.023319749242631627,48.35731186288028,0.18806006882969903
120310137272.0,30.192725,-81.806368,78.0,11906.278666289852,16.0,98.62699309429894,0.02697674865817805,128.60486325647494,0.2170730849830237
120310137273.0,30.197457,-81.791523,52.0,12999.925216034519,12.0,64.29359689085624,0.025382391192600176,96.44034108473382,0.20414375627071124
120310138002.0,30.383615000000002,-81.405316,12.0,22990.092375857334,3.0,14.520387872049264,0.0058954071750098504,23.984602682943795,0.047132972562958404
120310138003.0,30.392959,-81.42871,4.0,41462.311899889646,1.0,4.988235294117647,0.02986967241986615,7.974322116409794,0.23819038938765427
120310139011.0,30.345387,-81.417876,21.0,21569.493968541075,5.0,24.727520618195513,0.014227572277442759,39.9984194958358,0.11381118750177513
120310139012.0,30.364815000000004,-81.434082,24.0,19583.580001600898,6.0,31.485518999819202,0.006961202520411055,48.02061857169827,0.055703064564663785
120310139021.0,30.330275,-81.412721,28.0,19506.369878290385,7.0,33.277023098494865,0.01277428909731089,56.10591520843005,0.10238552848145492
120310139022.0,30.332922,-81.420801,33.0,14952.539191123524,7.0,38.83116522994192,0.016608710534620152,56.186566111116036,0.1334122969167145
120310139041.0,30.362126,-81.42557,8.0,13335.914000304232,2.0,9.00083981059591,0.008833012571732982,16.050417538104902,0.07087648546360571
120310139042.0,30.356755,-81.420023,8.0,16717.904687695136,2.0,9.478378378378377,0.007570589759088161,16.014079773211023,0.060616702794822494
120310139043.0,30.36489,-81.418266,8.0,27922.648099633443,2.0,9.725077399380805,0.0049541912375857386,15.987244740722389,0.03959942261060914
120310139051.0,30.331165,-81.398407,4.0,22296.205498153424,1.0,4.8936170212765955,0.002965828497743391,7.9959352994447235,0.023714572777205494
120310139052.0,30.347691,-81.402344,8.0,10136.421203917758,2.0,8.91219512195122,0.008463623097769438,16.06187796370846,0.06796548074286138
120310139053.0,30.345387,-81.39852,4.0,28323.53971805708,1.0,4.62882096069869,0.00318569921589724,7.987409332976639,0.025445483649113976
120310139061.0,30.332168,-81.405572,24.0,20000.65788077498,6.0,26.57968346075537,0.013336519548798479,48.0522582415454,0.10679604729868841
120310139062.0,30.355586,-81.407506,8.0,9542.732965330286,2.0,9.223639455782312,0.00481400806669223,16.058651989682716,0.038653116574024045
120310140013.0,30.310445,-81.402344,8.0,10751.956539943845,2.0,9.230081373513368,0.0075532580797981735,16.13444505174132,0.06091566253531314
120310140021.0,30.317671,-81.416365,34.0,6038.6145348010095,8.0,37.82998087287564,0.015638685768034573,64.4598359248605,0.12603571468455765
120310141011.0,30.297644000000002,-81.40392,13.0,4435.98157550546,3.0,14.531019489090767,0.008639131681980243,24.249897719923908,0.06981243230453853
120310141012.0,30.300653,-81.409412,10.0,12121.387344635004,2.0,11.250673854447438,0.010465743120416222,16.177126568615467,0.08483920588177855
120310141013.0,30.298240000000003,-81.412843,26.0,12331.59852025777,6.0,30.83852065919944,0.019383105379760804,48.231303889257326,0.15572716946146364
120310141021.0,30.297235,-81.39797,16.0,9933.546023096047,4.0,18.10458042345638,0.007940605448884377,32.15571717568849,0.06383371364393389
120310141022.0,30.300464,-81.39266,13.0,22252.018991080502,3.0,16.700488758553274,0.010115377806513188,24.197730105642417,0.08184751908417534
120310142021.0,30.285955,-81.392917,4.0,32729.714043652577,1.0,4.146341463414634,0.004057085580640542,7.9823738352748155,0.032385173786375794
120310142031.0,30.269424,-81.387344,4.0,7681.315100664357,1.0,4.411522633744856,0.0037640978103625055,8.037001092312623,0.03025205821345501
120310142032.0,30.261346,-81.384735,8.0,11168.215472237594,2.0,8.823893767765476,0.014657630843464244,16.04814748648897,0.11761389351424756
120310142033.0,30.260946,-81.393368,8.0,20900.096762417514,2.0,8.536522633744855,0.005811111391249051,16.02120632942119,0.04655642912537425
120310142041.0,30.279071,-81.400747,12.0,4102.829591914424,3.0,13.120872227240792,0.01395837470983063,24.228265258894425,0.11272272261633365
120310142042.0,30.264287,-81.397569,4.0,21604.69506764565,1.0,4.777251184834123,0.003267613669517184,7.997076138999663,0.026131355307965003
120310142043.0,30.270055,-81.407587,13.0,11304.666262347251,3.0,14.94710233560487,0.006264502236213273,24.07049143781597,0.050259096093242486
120310143111.0,30.318263,-81.537236,30.0,8548.428754402681,5.0,38.05190129791809,0.024565462426028466,40.28699729485453,0.19886580926759184
120310143112.0,30.301207999999995,-81.530601,26.0,10767.61922382881,5.0,29.954294860671748,0.014456706013837715,40.323059374575195,0.11669675700306661
120310143113.0,30.31816,-81.529824,18.0,3243.252969204803,4.0,22.108406298545404,0.021299042676826016,32.34767811150379,0.17233057596863277
120310143121.0,30.294249,-81.514793,33.0,10168.00742664873,8.0,38.330315477382555,0.015904695218830936,64.4112548120119,0.12809843014432087
120310143122.0,30.294717000000002,-81.496787,24.0,6269.0974072006575,6.0,30.509409659491048,0.007970065219302783,48.42543973470877,0.06436184556940236
120310143261.0,30.298663,-81.470356,86.0,14821.396452683312,16.0,104.57164360375,0.04566447318941048,128.46754786222698,0.36726935657188586
120310143262.0,30.31224,-81.462946,17.0,8968.061026911973,4.0,19.571445021944122,0.012816925358182135,32.24289198265989,0.10326425635823862
120310143263.0,30.311805,-81.475359,57.0,11952.443079472518,13.0,65.83265612405113,0.01803140403288171,104.52442873495862,0.14496592541509182
120310143281.0,30.354676,-81.513939,36.0,8013.056541393068,9.0,42.13689898065773,0.030401803016347574,72.50373188485504,0.24489605740900414
120310143282.0,30.339531,-81.511679,8.0,5022.025911290939,2.0,9.08019512195122,0.015312302060626002,16.112634482799024,0.12336889128067838
120310143283.0,30.343729,-81.49893,96.0,8877.510772850173,21.0,113.39203994692498,0.029958266828778064,168.90852291409772,0.24102245035145442
120310143291.0,30.330353,-81.464736,12.0,7508.057338839078,3.0,13.7964612245658,0.006776257968843713,24.118064220745204,0.05447689205062896
120310143292.0,30.322553,-81.465319,12.0,12131.816493992575,3.0,14.625577812018491,0.012908718280687105,24.06659435144808,0.10356090424386744
120310143301.0,30.366581,-81.477052,16.0,6465.478625737024,3.0,19.08850011059142,0.012725666740394279,24.133641670301717,0.10235827343186062
120310143302.0,30.342606,-81.451025,34.0,9681.95817006059,6.0,38.50058169329978,0.012103295093775472,48.301608446298445,0.09755669897039242
120310143312.0,30.296345,-81.45234,43.0,8789.358930331438,9.0,50.18862614461043,0.018105564987233203,72.4570444652693,0.1459632243834983
120310143313.0,30.297567000000004,-81.443635,20.0,10534.098711133778,5.0,23.04672090025791,0.015731550102565127,40.184726485982445,0.12638702429257548
120310143321.0,30.308382,-81.439613,67.0,12635.565959545962,13.0,77.61581500970654,0.02768039051701374,104.50662847766353,0.2228489764831135
120310143322.0,30.315404,-81.451852,23.0,5745.653757386586,3.0,25.943583827730173,0.01126023603634122,24.32338903044861,0.09147431335770895
120310143323.0,30.310432,-81.456957,24.0,2893.487506062681,4.0,27.226957301451517,0.01256435500759184,32.35704262301895,0.10169330272999536
120310143324.0,30.306095,-81.449851,12.0,6798.8154149554975,3.0,13.889351070241188,0.014143942026722188,24.20811379539984,0.11411338014521463
120310143331.0,30.364967,-81.509631,50.0,6639.594394520667,10.0,60.68816711261706,0.02859951324817015,80.70198217518652,0.2310726995065976
120310143332.0,30.375548999999996,-81.506644,13.0,4167.543264200164,3.0,15.716245131375086,0.01710146369028845,24.19857253462822,0.13797507384481633
120310143341.0,30.363767,-81.497939,78.0,6497.612342903269,14.0,92.8333807046309,0.037059233814223914,112.94231851620505,0.29925592830791115
120310143342.0,30.369343,-81.492034,38.0,10816.4494180636,8.0,46.152135734880886,0.02255725109231715,64.31174025039968,0.1816294541718064
120310143351.0,30.351192,-81.480926,77.0,13114.033716151622,17.0,87.34775369693388,0.018032153942389325,136.53187255943067,0.1448590212426621
120310143352.0,30.344179,-81.468987,41.0,8727.1036525106,7.0,48.205792892481696,0.015386464376789562,56.26474046923632,0.12381488775563948
120310143361.0,30.327525999999995,-81.476333,38.0,11148.44699565967,9.0,45.949908408452885,0.019569807669698843,72.37454178766784,0.15742861844537284
120310143362.0,30.333914,-81.483836,62.0,10942.294510612777,14.0,73.43909000191329,0.015529517868875723,112.47069544552518,0.12469679157618471
120310143371.0,30.309498,-81.505067,73.0,5970.8721156059555,15.0,89.15771769553899,0.01612838597965611,120.88648237366338,0.13001874796433008
120310143372.0,30.316711,-81.497499,44.0,7509.1995931475985,11.0,53.79483065308939,0.012548362643594447,88.61283946106076,0.10103142981364391
120310143381.0,30.318891,-81.520567,34.0,9175.166528700176,7.0,42.372320589114054,0.03905283003604982,56.35636002529245,0.3143331187808131
120310143382.0,30.304720999999997,-81.519429,37.0,8730.632673416569,9.0,45.974687570272536,0.030127580321279514,72.43015278386405,0.2423587732468363
120310143383.0,30.311344,-81.519719,48.0,8423.71304172127,11.0,57.263445978791424,0.0351741068665795,88.5718275356934,0.2833786045269246
120310144011.0,30.276346,-81.532932,111.0,9501.134738269282,20.0,130.63130767118122,0.02433972567005426,160.9148157183017,0.19627553004132697
120310144012.0,30.27436,-81.542632,13.0,6022.451815303991,3.0,14.80474366524226,0.013385844181955027,24.24031333607359,0.10807696416225285
120310144013.0,30.279888,-81.55513,29.0,2919.523220242023,6.0,41.119392183324074,0.04287736411191249,48.63616338174708,0.3473432143278185
120310144014.0,30.264046,-81.546567,89.0,10683.272081359188,16.0,112.81711343751729,0.02093470280896591,128.72016896922696,0.1687981772000774
120310144041.0,30.269784,-81.509652,27.0,5880.537390381388,6.0,32.30139036590649,0.007895719962333536,48.37349834085712,0.06367854736261168
120310144042.0,30.269806,-81.489842,13.0,12864.461040018461,3.0,15.462276643158996,0.005540048958494803,24.073549799114698,0.04446011869246335
120310144043.0,30.277448,-81.498025,30.0,11379.089581586552,5.0,38.12626966223225,0.01621704366747437,40.26218747247145,0.13101401597094073
120310144061.0,30.235804,-81.527614,163.0,13024.996513940217,27.0,192.358551899356,0.03440503521719836,216.8547280040736,0.27705741363065306
120310144062.0,30.225419999999996,-81.541349,24.0,7171.82668120586,5.0,27.779519342918036,0.024892042421969567,40.3276216955007,0.20104805797410696
120310144081.0,30.278619,-81.429413,16.0,6050.348991711506,4.0,18.55511805786498,0.012436406205003338,32.25065173137352,0.10025477147012336
120310144082.0,30.275697,-81.435142,47.0,10231.596134463649,11.0,55.24354618477615,0.018828747847571967,88.46740650720223,0.15138294507399777
120310144091.0,30.281974,-81.474211,58.0,6518.0402310101135,11.0,67.12488262378811,0.015906370289997182,88.59297969607525,0.1282200010914733
120310144092.0,30.269686,-81.472733,58.0,8373.076932454567,8.0,64.96141067178843,0.02120842659869031,64.36595547138005,0.17118878161850135
120310144093.0,30.261327000000005,-81.471665,26.0,8179.42283022622,3.0,29.459462201927956,0.011611928341319654,24.185214957958948,0.09409274818624687
120310144102.0,30.277946,-81.453239,60.0,7878.306551374108,11.0,68.97372142992906,0.01630199041123353,88.6034554869503,0.13143963234916317
120310144103.0,30.25988,-81.460585,6.0,662.4587372608205,1.0,6.617283950617285,0.0024159488684254416,8.153777065936888,0.01969910847584354
120310144111.0,30.211243,-81.542246,85.0,12606.631027974832,14.0,98.70118759280375,0.02164499727912363,112.44008756669203,0.17440830564238896
120310144112.0,30.204369,-81.528702,80.0,10862.587554990905,15.0,95.98141052429936,0.02930730092345019,120.4946089676827,0.2358570356069398
120310144121.0,30.159222,-81.509313,293.0,14679.795285146109,45.0,339.0681713918748,0.02829576661869939,360.8272035018211,0.22724538817283585
120310144132.0,30.198979999999995,-81.544781,24.0,7270.425139248516,6.0,27.87842831662941,0.029848424321873034,48.302601383495684,0.2403089436727203
120310144133.0,30.179479,-81.535306,40.0,9817.838623624448,9.0,49.13585433461056,0.014267088947331755,72.4409407121235,0.1148533924223539
120310145001.0,30.312638,-81.550799,35.0,6844.919517935085,8.0,41.495146778738196,0.03346382804736951,64.56773329366338,0.2702030130314889
120310145002.0,30.300547,-81.552803,8.0,7316.929007877402,2.0,11.008064516129032,0.012890005288207298,16.120589445169724,0.10376893984907132
120310145003.0,30.296532,-81.542989,16.0,2862.883587070884,4.0,20.1710183505384,0.016725554187842787,32.3781679635693,0.13528894872225816
120310146011.0,30.382981,-81.50493,32.0,6650.935048051286,8.0,37.69683592095385,0.03677740089849156,64.50911496607452,0.2965158983856868
120310146012.0,30.366035,-81.563096,45.0,5012.025037671585,11.0,55.729174687758174,0.03404347873412228,88.74802328605179,0.27467047261049754
120310146013.0,30.380247000000004,-81.51699,116.0,11399.856734867262,20.0,135.00435117427946,0.04241418510030772,160.79882477530796,0.34161005652958115
120310146031.0,30.340228000000003,-81.527016,43.0,8081.886999586901,10.0,53.322885697639485,0.03144038071794781,80.58556801870918,0.2534858516273614
120310146032.0,30.350952000000003,-81.542183,48.0,9655.793003013185,11.0,56.05069406694017,0.050179672396544465,88.5456646072812,0.4042359689867837
120310146033.0,30.339525,-81.533663,56.0,7186.171961794549,12.0,67.48996588381402,0.026718117927083937,96.7707668022585,0.21562160711021547
120310146041.0,30.341235,-81.549247,17.0,5672.499706579685,3.0,20.90498983098394,0.022747540621310052,24.233187287966576,0.18426716878848837
120310146042.0,30.332022000000002,-81.542219,94.0,7365.937596993282,18.0,115.3203090335633,0.03228452100603676,145.1432134506048,0.2611271993243468
120310147011.0,30.368926000000002,-81.600936,36.0,7252.010861509541,9.0,44.342270808975464,0.022338675470516607,72.49851878782472,0.17999419820444063
120310147012.0,30.383691,-81.612281,93.0,8294.457714481641,17.0,116.81680103229297,0.03013849355838312,136.65236646641932,0.24253625401670742
120310147013.0,30.377530999999998,-81.603011,42.0,8875.849016940476,10.0,52.49249804122146,0.03982738849865057,80.44339032450382,0.3204508360469519
120310147021.0,30.372232,-81.592993,16.0,7217.061330834244,4.0,21.24911094930036,0.01299639813412866,32.23501299344838,0.10474227494657341
120310147022.0,30.370794,-81.585585,9.0,12117.273092247568,2.0,10.802353373781944,0.008465794180079894,16.0375987152374,0.06788519405962296
120310148001.0,30.366748,-81.611147,20.0,6123.2877756226135,5.0,25.0827459090617,0.013580263080163345,40.33279279538206,0.10959656405160628
120310148002.0,30.355364,-81.601668,9.0,2741.6821170275416,2.0,12.134833420547706,0.014585136322773685,16.16479879474157,0.11786906040611866
120310148003.0,30.355935,-81.604648,51.0,6667.999537572301,12.0,64.20912840182432,0.029319236713161785,96.70022072637792,0.23636425125534652
120310149011.0,30.359923999999996,-81.593149,36.0,5818.764516247782,9.0,46.39844556072043,0.027133593895158147,72.53459271309393,0.218702209559779
120310149013.0,30.359550999999996,-81.583382,80.0,8113.728218993124,17.0,97.89974569798144,0.03427862244327081,136.92859650794804,0.27651699840772
120310149021.0,30.355499999999996,-81.570744,26.0,9946.442349970735,6.0,31.83331066397307,0.03930038353576922,48.44222880338965,0.31733800249204974
120310149022.0,30.361799999999995,-81.566421,79.0,8040.094070101946,17.0,93.05986104606734,0.024348472277882612,136.9216703802897,0.1962557906184923
120310149023.0,30.35709,-81.56856,73.0,7780.443969811574,16.0,87.09409495168585,0.031832637043744824,129.11398468244712,0.2570240383247694
120310150011.0,30.345222,-81.561905,54.0,5778.452346620282,11.0,65.09359835941817,0.03471658579168969,88.83417939139579,0.28079379485528166
120310150012.0,30.341416999999996,-81.579016,27.0,4681.412068052437,6.0,36.191891549090926,0.0511184908885465,48.400718318516226,0.41226396534089954
120310150013.0,30.341375,-81.571036,16.0,4405.846545220641,3.0,20.556144954809525,0.016135121628578906,24.215125560112117,0.13020899894177568
120310150014.0,30.348486999999995,-81.571219,16.0,8766.71999322321,3.0,18.97581289978678,0.011584745360065188,24.170938492349435,0.09352687120822707
120310150021.0,30.331684,-81.576699,27.0,3821.37409358319,6.0,43.203260791369836,0.0348413393478789,48.606942205105305,0.2828390167456033
120310150022.0,30.332805,-81.562546,8.0,1810.4984815450862,2.0,10.196001126443255,0.015082841903022566,16.20542360036405,0.12222331584646912
120310150023.0,30.332403,-81.568758,36.0,4047.3233243738264,9.0,44.76530369417245,0.030958024684766564,72.79014367989288,0.2505528105144407
120310151001.0,30.341481,-81.585358,32.0,9097.23098004744,8.0,37.46711136086136,0.04296687082667587,64.40496965500124,0.3460311799255813
120310151002.0,30.332904,-81.585314,52.0,4002.533527029232,9.0,72.31234671403404,0.05344593253069773,72.92893199256835,0.4339818900723783
120310151003.0,30.348311,-81.583998,65.0,9566.793925473921,14.0,78.20389152273047,0.04674470503450716,112.71813314339842,0.37669916997997294
120310152001.0,30.347948999999996,-81.599849,36.0,5158.427924189665,9.0,46.85637064960353,0.030171520057697052,72.56779123286734,0.24328086392816675
120310152002.0,30.346732,-81.593319,25.0,12047.3301650492,6.0,32.299197471212395,0.023388267538893844,48.27201610837761,0.18820603868198577
120310153001.0,30.341128,-81.606172,12.0,4528.031810429187,3.0,14.449786324786324,0.013593401998858255,24.195374506649976,0.10965625257593103
120310153002.0,30.333422000000002,-81.60579599999998,33.0,7391.942461441392,7.0,40.834275303723075,0.04619261912185869,56.57177553282761,0.37427536093627595
120310153003.0,30.330742,-81.608736,4.0,3705.696427724533,1.0,7.684210526315789,0.011400905825394346,8.068249052819652,0.09198534762702398
120310154001.0,30.339151999999995,-81.592997,28.0,6782.366854864003,7.0,35.165495684608004,0.03283426301083847,56.401774587068246,0.2646126960495512
120310154002.0,30.335025,-81.596782,40.0,5057.602433345526,10.0,56.341882537508056,0.041155502218778714,80.7173082366611,0.33216516497590065
120310155011.0,30.321935,-81.589479,25.0,3974.418943116101,6.0,30.787235025005096,0.015279024826305257,48.45709444518044,0.12344699110439603
120310155012.0,30.31877,-81.575791,31.0,8527.604924620658,7.0,42.54017182838638,0.030451089354607285,56.505348179629216,0.2460487738836932
120310155021.0,30.317199999999996,-81.56697900000002,34.0,3890.7150666533553,7.0,40.10691718956152,0.037729931504761546,56.569638155760885,0.3057366495939085
120310155022.0,30.321817999999997,-81.567872,18.0,1587.6396601345975,3.0,23.70997101449275,0.017680813582768642,24.337197995356128,0.14350605322637272
120310155023.0,30.324962000000003,-81.576138,36.0,5744.457701088628,9.0,49.9819786062921,0.03043969464451407,72.72134778794032,0.24610004982008407
120310156001.0,30.32435,-81.608719,4.0,919.0716982593464,1.0,5.719298245614035,0.0040023080795059725,8.136133796593832,0.0325633140300491
120310156002.0,30.316033,-81.600058,26.0,3525.232655740298,6.0,32.871667182231576,0.03203866197098594,48.47142087079052,0.25890513835829887
120310156003.0,30.311165,-81.618312,29.0,5221.760041510634,5.0,35.87250081399963,0.02954901220263561,40.49820435657867,0.23997556428129913
120310157001.0,30.298758000000003,-81.597177,12.0,5132.82465374814,3.0,13.554437359302636,0.012763123690492125,24.245533652328753,0.10313822913671469
120310157002.0,30.30493,-81.619053,51.0,7634.078168988792,11.0,69.96780744234478,0.03236253813244439,88.83685668828198,0.2619977431177902
120310157003.0,30.302844,-81.605095,32.0,4131.62371203168,8.0,39.8682980264681,0.019552868085565524,64.6038181428469,0.15787301092509162
120310158011.0,30.300936,-81.585839,59.0,6385.2057521715715,14.0,75.49919943608137,0.031883107869966794,112.77877125208494,0.2568923496533013
120310158012.0,30.308015,-81.58608,28.0,4927.522341924167,7.0,32.154277631007965,0.01603704620000397,56.547598461423135,0.1295932396305215
120310158013.0,30.291363,-81.581756,28.0,7633.411916109138,7.0,34.82190564239526,0.05128410256611968,56.40470032109742,0.41325376777546485
120310158014.0,30.301386,-81.575612,21.0,5675.458276024468,5.0,26.301524624172295,0.018226974791526192,40.30384807146389,0.14694397164012724
120310158021.0,30.307535999999995,-81.565826,48.0,3381.2442214044845,11.0,62.14832642159067,0.01806112363312719,88.88416007997083,0.14600091547747493
120310158022.0,30.29527,-81.56461,40.0,6177.319324072002,9.0,52.10099821412863,0.02003884546697255,72.56423474317974,0.16154568874118014
120310158023.0,30.309971,-81.575146,24.0,2669.421563160214,5.0,31.352231510113487,0.04109073592413301,40.51679331503943,0.33344589431105753
120310159221.0,30.211254000000004,-81.55728,21.0,9288.702857029988,5.0,23.217952276493605,0.026087586827520905,40.24001471307232,0.20990230224952622
120310159222.0,30.210663,-81.558775,38.0,6651.194231918168,8.0,48.23838745795289,0.03947494881992872,64.48699339622169,0.3184628866797864
120310159223.0,30.216855,-81.560478,16.0,6436.938652512873,4.0,19.696121993406045,0.018356124877358847,32.26419150801748,0.14807077712872674
120310159231.0,30.277946000000004,-81.564752,28.0,4230.050591376143,7.0,34.549914227116126,0.022730206728365874,56.59671890225793,0.18377651401570386
120310159232.0,30.270615000000003,-81.576867,27.0,4874.27245173315,6.0,32.36022647800211,0.024367640420182315,48.387039891305506,0.19649777860905757
120310159233.0,30.25636,-81.565398,92.0,6500.6656052969665,16.0,111.04660932991946,0.017262025389385895,128.90827672170806,0.13925660987483687
120310159241.0,30.283034000000004,-81.584762,28.0,12005.227472731187,7.0,33.77667927642086,0.018228105383929227,56.34864230789726,0.14676634568319635
120310159242.0,30.269910999999997,-81.585186,63.0,5643.842716364917,12.0,78.27029031461659,0.029828616735753273,96.79925897482417,0.24073460171022643
120310159251.0,30.231306,-81.55515,21.0,7696.409812932143,5.0,24.732110536522303,0.012814565044830209,40.24664384533265,0.10313418526341639
120310159252.0,30.225109,-81.560954,25.0,8844.701000325598,6.0,30.07718736117429,0.022148149750496532,48.28307897377853,0.1783155445749871
120310159253.0,30.224802,-81.55568,34.0,8492.12122984615,8.0,43.73864210707561,0.02541466711625544,64.52268578193069,0.20497896228141468
120310159261.0,30.226688,-81.565894,13.0,697.9090657420024,3.0,15.514056224899598,0.01719961887461153,24.453042124373525,0.1401928053236259
120310159262.0,30.243116,-81.57063,61.0,6878.933914210746,11.0,72.25704086308046,0.04066237527466542,88.59327215648389,0.3279457713729676
120310159263.0,30.232778,-81.563105,13.0,8250.753215208159,3.0,14.87251485960238,0.00792777977590745,24.167552340410925,0.06392431817566276
120310160001.0,30.285177,-81.595991,12.0,3445.6933979186033,3.0,14.407650291368519,0.011498523776032336,24.2261917131557,0.09287706399161036
120310160002.0,30.274723000000005,-81.598893,28.0,3704.268862989568,6.0,33.8640853896388,0.01418094028041826,48.590720153868915,0.1148671577623459
120310160003.0,30.267096999999996,-81.601547,51.0,7722.980952863717,12.0,61.75292539427998,0.024505129124714278,96.83747160196218,0.19788076615645808
120310161001.0,30.285439000000004,-81.60538,39.0,4931.105447244939,9.0,47.99041079653526,0.017747932986884343,72.76116619930033,0.14359473525896038
120310161002.0,30.278011,-81.611923,42.0,6109.391395397619,10.0,52.79419828200035,0.03256890702159183,80.75761431205673,0.26304026461783314
120310161003.0,30.287453,-81.617019,48.0,5400.847991204386,10.0,64.6951970739036,0.03632520891291611,80.78683030779113,0.29372331213881525
120310161004.0,30.295672,-81.621862,25.0,3506.537454531203,6.0,35.09900989593504,0.0273783228517434,48.57346148205636,0.2218145632028542
120310162001.0,30.28529,-81.627754,24.0,5965.657169765055,6.0,28.83988926920905,0.033379501468991955,48.516961143815145,0.26999034887793183
120310162002.0,30.275151,-81.621124,37.0,5785.71047650135,9.0,43.286587136713294,0.028590876576428857,72.57491016257187,0.2305249722616462
120310163001.0,30.265281,-81.635225,8.0,13535.767451487362,2.0,9.27161493477283,0.013283115952396604,16.02932352184836,0.106458674968906
120310163002.0,30.279804,-81.637493,54.0,8382.034384795676,12.0,69.6783349389885,0.041425882841253564,96.74052844084648,0.3338658776489001
120310164001.0,30.285469,-81.646938,20.0,5903.4969387605615,5.0,24.559504875843572,0.027625989736606946,40.359138620956,0.22299918470661614
120310164002.0,30.270936999999996,-81.645216,20.0,5480.347155912836,5.0,25.552005989777605,0.02005651961521005,40.31084679217478,0.16174579865002414
120310164003.0,30.267895,-81.64858,32.0,4726.125485252303,8.0,41.83849026877304,0.033444036985430095,64.54846694005441,0.2698530216211086
120310164004.0,30.281119,-81.66046,4.0,944.3631059748144,1.0,4.979591836734694,0.005928085519922255,8.13470157870357,0.048223206637601344
120310164005.0,30.279622,-81.654359,8.0,1605.213733263257,2.0,8.979591836734695,0.010514744539501984,16.261421662691077,0.08554929866700857
120310165001.0,30.25977,-81.636083,26.0,6003.276971869262,6.0,32.46116566468123,0.04282475681356363,48.39227914053649,0.34553557432853815
120310165002.0,30.256914,-81.637849,15.0,6749.358847821711,3.0,18.02190618262047,0.017878875181171098,24.150363099061785,0.14401569710963025
120310165003.0,30.251106,-81.631575,20.0,7384.595206255642,5.0,24.971165364608755,0.024433625601378427,40.23346673320922,0.19656564702906482
120310165004.0,30.246866999999998,-81.633389,17.0,4461.1456611826825,3.0,21.44251013640307,0.02333243758041683,24.180458003065908,0.18803126763595968
120310165005.0,30.22865,-81.6206,24.0,5080.580343777099,5.0,33.67443646695983,0.023747839539463914,40.32906262637422,0.19159051117283823
120310166011.0,30.238938,-81.59871,60.0,11304.857324259216,15.0,70.7042032646381,0.029896069033673617,120.61381781433275,0.24038791290345
120310166012.0,30.245626,-81.612385,32.0,8744.247395417124,8.0,44.15212551837573,0.02688923600388291,64.3095246531551,0.21611324522028322
120310166013.0,30.255201,-81.621021,47.0,9368.260086727665,11.0,59.3409548536649,0.039772757944815613,88.5209631230532,0.32015937349232926
120310166031.0,30.228635000000004,-81.601923,23.0,9144.232400909936,5.0,28.763496187712548,0.022755930528253598,40.22382432349202,0.18313875793011405
120310166032.0,30.222799,-81.604581,32.0,4765.090660363626,8.0,43.2077836184926,0.021015458958410796,64.5298632253657,0.16947743783256944
120310166041.0,30.242948,-81.618629,24.0,11851.82644685856,6.0,28.047149261506192,0.015712688661908232,48.209541779796794,0.12623331496266876
120310166042.0,30.232415,-81.609657,44.0,8012.909595586581,11.0,58.37273909896815,0.024671487362201247,88.61978653558327,0.1987218408466624
120310167111.0,30.201998,-81.633008,30.0,4314.357150686904,7.0,38.21608959402539,0.023345198285904332,56.520565882792425,0.18857231610071498
120310167112.0,30.201097,-81.62635099999999,63.0,8620.38367936362,13.0,74.1502976733599,0.027730103841944614,104.74707291757115,0.22369216617086796
120310167221.0,30.196293,-81.59462,48.0,9620.469094637177,11.0,60.0277657590473,0.027560957648782046,88.49135281675166,0.22178099632178658
120310167222.0,30.191711000000005,-81.606764,55.0,5827.320037685492,10.0,67.47891614967443,0.033571600074464886,80.70474144292848,0.2712000970496302
120310167223.0,30.203638,-81.608389,45.0,11015.267416190174,11.0,55.529058414524116,0.018971321631200584,88.37307042478784,0.15239239331995713
120310167241.0,30.208213,-81.607292,63.0,7627.275660719475,15.0,77.96552465156171,0.028844071273237775,120.86497030109223,0.23248625561247574
120310167242.0,30.218365999999996,-81.601737,20.0,5827.685365734464,5.0,24.053880867050754,0.018181315848110925,40.3140068648267,0.14661794483481308
120310167243.0,30.213319,-81.608866,8.0,5378.747017977817,2.0,8.817428368458442,0.01064906807784836,16.113638035910213,0.08579673100878957
120310167251.0,30.217531999999995,-81.586037,50.0,7681.4678590249505,12.0,60.84823848920116,0.04662700267371736,96.65693705642991,0.37596567824909943
120310167252.0,30.211251,-81.59026,50.0,9394.101831044483,12.0,57.29988709511354,0.019603108824876342,96.49640884351129,0.15766514104473267
120310167261.0,30.189441,-81.620677,26.0,6803.37910041591,6.0,29.68360336433539,0.02033123518105164,48.50589164201999,0.16442604525773488
120310167262.0,30.191838,-81.61367,41.0,5169.100798871046,9.0,49.03214794400001,0.022998193219512197,72.68773652657458,0.1858801558449797
120310167271.0,30.181373000000004,-81.619053,49.0,7145.402255118359,11.0,58.5611447519097,0.037635697141330145,88.69440818273996,0.30359286362781257
120310167272.0,30.178105,-81.608914,7.0,712.6976138499512,1.0,7.818548387096774,0.005208892996067138,8.149778022835177,0.04245132166264804
120310167281.0,30.181807000000003,-81.598592,17.0,7951.514795475955,3.0,18.706486008905365,0.009819677694963445,24.17708121121877,0.07934018440730527
120310167282.0,30.182336,-81.575595,65.0,8793.142113429976,14.0,76.77172159840819,0.031412324712932975,112.61088476227307,0.25282379131608
120310167291.0,30.17643,-81.595873,75.0,11049.341356984276,12.0,87.65085180612624,0.026593098242149952,96.5748366410551,0.21487221710281734
120310167292.0,30.172515,-81.587085,65.0,6862.2879320680695,11.0,80.42248130760386,0.028918547755341195,88.66425960081112,0.2334079601572842
120310168011.0,30.171022,-81.637709,20.0,5605.929993345044,5.0,23.699279892567915,0.01075773031891417,40.360559675005774,0.08681214879345826
120310168031.0,30.140728,-81.626428,16.0,4784.074505663217,4.0,18.082140814736803,0.0288391400554016,32.3898432478006,0.23359356346403745
120310168032.0,30.145182,-81.62116,39.0,6985.9562926533135,8.0,47.83638131736045,0.021317460480107152,64.4956851369253,0.172018222786671
120310168033.0,30.147037999999995,-81.603069,38.0,5882.627147824608,9.0,44.17313973844062,0.016372549940118837,72.56240292299991,0.13202634558912157
120310168034.0,30.155945999999997,-81.624841,36.0,10324.557377521027,9.0,40.438266821295905,0.03020034863427626,72.43533148640849,0.24302563319585654
120310168041.0,30.139138,-81.645722,70.0,11479.738062662567,11.0,88.32472988613432,0.04463099034165453,88.40334208110147,0.3596919066106401
120310168042.0,30.149014,-81.661758,32.0,10085.084924558785,5.0,38.34725198854115,0.013964767657880971,40.19511733764144,0.11245217854860501
120310168043.0,30.154366999999997,-81.644847,33.0,10814.12836842828,6.0,39.69440073402497,0.013356124069321993,48.301150232562485,0.10769749460616121
120310168051.0,30.154908,-81.574163,101.0,8110.331759786052,15.0,116.024225871947,0.026037752664260998,120.76421221978286,0.20987250364310195
120310168052.0,30.164284000000002,-81.57646100000001,60.0,6258.812108414126,13.0,69.92107249867635,0.02276817730337882,104.72368227563994,0.1835056250073942
120310168061.0,30.143585,-81.579459,23.0,6350.726808612127,4.0,26.104435746901498,0.025319530307372936,32.23871501873362,0.20418438432530298
120310168062.0,30.139293,-81.567774,118.0,13164.683833348197,20.0,138.9189277855519,0.04533907564802607,160.67782483302443,0.36495437011840937
120310168063.0,30.133658,-81.557891,206.0,12721.953752349082,27.0,234.590279791988,0.036342413600617816,216.85168711521257,0.29306671982243515
120310168064.0,30.152937,-81.592732,17.0,8902.39541833133,4.0,19.04837901036403,0.01982141416270971,32.187867648047266,0.1595758119146231
120310168071.0,30.163439999999998,-81.616793,29.0,2815.3615128053084,6.0,33.50750543209968,0.013296629139722096,48.5376154562277,0.10754972496256412
120310168072.0,30.164924,-81.607306,31.0,5291.700552788653,6.0,36.22169638682963,0.031279530558574804,48.51908559505779,0.25349877618609296
120310168081.0,30.172176999999998,-81.621327,44.0,3908.3885794423777,10.0,51.42652149112677,0.028649872697006556,80.86009135426502,0.2317210468262637
120310168082.0,30.166811,-81.628052,35.0,4367.118852514677,8.0,39.9031701898238,0.02348626850489923,64.67268192705446,0.1899681987915259
120310171001.0,30.313903,-81.680469,28.0,14247.182341759724,6.0,33.175850021825276,0.019949398690213636,48.19483447082571,0.16056860215615154
120310171002.0,30.310293,-81.686863,8.0,8566.621792563132,2.0,10.051612903225806,0.010351815554300522,16.138077146610655,0.08355112537502438
120310171003.0,30.317286,-81.68715,12.0,8860.572471710018,3.0,15.492307692307692,0.023261723261723263,24.217945140536983,0.1878103743229617
120310171004.0,30.31374,-81.689252,4.0,6752.837403823924,1.0,4.6,0.004637096774193548,8.04232826592057,0.03729305445890587
120310171005.0,30.31665,-81.693812,8.0,4407.885307352896,2.0,10.217921146953405,0.011046401239949627,16.218339601491728,0.08959210054800448
120310172001.0,30.33221,-81.660037,36.0,11302.498147869059,9.0,41.819357362786555,0.018309701122060665,72.39439510869374,0.1472864833976273
120310173001.0,30.320652000000003,-81.882594,51.0,18017.467516188874,10.0,63.43622336404048,0.029368621927796518,80.09773381558854,0.2353689046245517
120310173002.0,30.253427,-81.92566,28.0,14128.290400377058,5.0,34.16554301145548,0.04408457162768449,40.09737321230555,0.3539730947157947
120310173003.0,30.216002,-81.961884,115.0,52301.94420329689,22.0,138.36444254947875,0.06423604575184715,175.95966986918503,0.5150254263505941
120310173004.0,30.30206,-81.982464,16.0,27771.61340647829,4.0,18.008520866659502,0.009568820864324921,31.974713047724826,0.07648905507514454
120310174001.0,30.33304,-81.640242,8.0,2522.2228380081183,2.0,9.507906388361796,0.0070690753816816335,16.180984994738047,0.05719555155237305
120310174002.0,30.33514,-81.632965,12.0,7054.426003356933,3.0,14.33156921723165,0.03873397085738284,24.136702948253383,0.31165794244071576
120310174003.0,30.33985,-81.640987,16.0,5607.700603572968,4.0,23.15218921633384,0.019924431339357868,32.20260080098244,0.16044355855547587
